{
  "Naive Baseline": {
    "RMSE": 2646.0782353739432,
    "MAE": 622.4224649321268,
    "R2": 0.32546066106463856,
    "MedAE": 245.5258241758242
  },
  "Linear Regression": {
    "RMSE": 1818.5044273576036,
    "MAE": 478.7525931910092,
    "R2": 0.6814110952537463,
    "MedAE": 198.74207668549963
  },
  "Ridge Regression": {
    "RMSE": 1825.4120254523712,
    "MAE": 473.17740228050184,
    "R2": 0.6789861753766977,
    "MedAE": 192.71682130376757
  },
  "Lasso Regression": {
    "RMSE": 1825.3441805904886,
    "MAE": 470.1128271208864,
    "R2": 0.6790100370951031,
    "MedAE": 188.4353800818816
  },
  "Random Forest": {
    "RMSE": 1742.8370536610123,
    "MAE": 381.5527677479556,
    "R2": 0.7073722616127003,
    "MedAE": 156.86689332585945
  },
  "Gradient Boosting": {
    "RMSE": 388.3164534020771,
    "MAE": 252.2228395640221,
    "R2": 0.9854730812875251,
    "MedAE": 144.86990600690433
  },
  "XGBoost": {
    "RMSE": 431.7331945003303,
    "MAE": 256.1911023211238,
    "R2": 0.9820430404581337,
    "MedAE": 148.5543002319336
  },
  "LightGBM": {
    "RMSE": 991.4307292061396,
    "MAE": 361.7307769760548,
    "R2": 0.905305081909555,
    "MedAE": 166.30400842672802
  },
  "Two-Stage XGBoost (AUC=0.978)": {
    "RMSE": 407.08444467337637,
    "MAE": 192.41427998909109,
    "R2": 0.9840349259706224,
    "MedAE": 102.5382194519043
  },
  "Three-Stage XGBoost (tier_acc=0.923)": {
    "RMSE": 386.94119696246963,
    "MAE": 156.57319097521523,
    "R2": 0.9855757957669091,
    "MedAE": 67.43163388227481
  },
  "XGBoost (Tuned)": {
    "RMSE": 478.6799184404135,
    "MAE": 288.6542293160449,
    "R2": 0.9779254256481537,
    "MedAE": 152.0118469238281
  },
  "LightGBM (Tuned)": {
    "RMSE": 1267.5871601270203,
    "MAE": 422.5050958101902,
    "R2": 0.845204766284924,
    "MedAE": 173.48716012836422
  },
  "Random Forest (Tuned)": {
    "RMSE": 1452.4311445326007,
    "MAE": 299.6445964553459,
    "R2": 0.7967675618835053,
    "MedAE": 123.47923417132796
  }
}