{
  "percentiles": [
    0,
    5,
    10,
    15,
    20,
    25,
    30,
    35,
    40,
    45,
    50,
    55,
    60,
    65,
    70,
    75,
    80,
    85,
    90,
    95,
    100
  ],
  "Three-Stage XGBoost": [
    0.038938213635970456,
    0.5683413173286508,
    0.6964925528958026,
    0.777342915470958,
    0.830012727944541,
    0.87247345422742,
    0.9055206695039508,
    0.926784862954286,
    0.941260672029956,
    0.9557492949470928,
    0.9697079585903293,
    0.9798188536394533,
    0.9853867805907291,
    0.9922321856762012,
    0.9951658978891988,
    0.9970613213187902,
    0.9986929846356538,
    0.999041411543081,
    0.9994132568504278,
    0.9999893954415435,
    0.9999999999999979
  ],
  "XGBoost (Tuned)": [
    0.03893821363597047,
    0.5560056707522851,
    0.6690230561128548,
    0.736643482627489,
    0.7865165301559541,
    0.8236082144465126,
    0.8538108311495889,
    0.8783534556597424,
    0.8975507782491033,
    0.919451672923886,
    0.9319792796825387,
    0.9451820892825337,
    0.9564018818001061,
    0.9646437552353371,
    0.9730225476596239,
    0.9812091784150136,
    0.9850490112645491,
    0.9898471038296901,
    0.9946246482953991,
    0.9983318958854338,
    0.9999999999999992
  ],
  "Random Forest": [
    0.03893821363597046,
    0.5431639923207443,
    0.6663190881239158,
    0.74393440288789,
    0.7980096975859187,
    0.8402070455201732,
    0.8727085078004128,
    0.8984724946562747,
    0.9141425431519812,
    0.9301293356693058,
    0.9462850481982487,
    0.959499929320618,
    0.9676792358609686,
    0.9734477798490833,
    0.979812278813212,
    0.9877793846040394,
    0.9912893343840319,
    0.994546906277371,
    0.9970314412079203,
    0.9992906045273469,
    0.9999999999999993
  ],
  "Naive Baseline": [
    0.022850034470117252,
    0.4721227826884546,
    0.5950855047315595,
    0.6663870633436084,
    0.7224356719530743,
    0.7655497839657027,
    0.8036036339842301,
    0.8332427173813416,
    0.8522279806152916,
    0.8699797110052795,
    0.885800877993812,
    0.9045432650254835,
    0.9174143781764402,
    0.9303448309016542,
    0.9660125704314994,
    0.9740302776404184,
    0.9824708557571133,
    0.9872943462397521,
    0.9925301454899462,
    0.9968546243351071,
    0.9999999999999997
  ]
}